x1,x2,F1,F2
-1.000000,-1.000000,0.003221,0.099432
-0.998000,-0.998000,0.003250,0.099888
-0.996000,-0.996000,0.003280,0.100345
-0.994000,-0.994000,0.003311,0.100805
-0.992000,-0.992000,0.003341,0.101267
-0.990000,-0.990000,0.003372,0.101731
-0.988000,-0.988000,0.003403,0.102197
-0.986000,-0.986000,0.003435,0.102665
-0.984000,-0.984000,0.003466,0.103135
-0.982000,-0.982000,0.003498,0.103607
-0.980000,-0.980000,0.003530,0.104081
-0.978000,-0.978000,0.003563,0.104558
-0.976000,-0.976000,0.003596,0.105037
-0.974000,-0.974000,0.003629,0.105518
-0.972000,-0.972000,0.003663,0.106001
-0.970000,-0.970000,0.003696,0.106486
-0.968000,-0.968000,0.003730,0.106973
-0.966000,-0.966000,0.003765,0.107463
-0.964000,-0.964000,0.003799,0.107954
-0.962000,-0.962000,0.003835,0.108448
-0.960000,-0.960000,0.003870,0.108944
-0.958000,-0.958000,0.003906,0.109443
-0.956000,-0.956000,0.003942,0.109944
-0.954000,-0.954000,0.003978,0.110446
-0.952000,-0.952000,0.004015,0.110952
-0.950000,-0.950000,0.004052,0.111459
-0.948000,-0.948000,0.004089,0.111969
-0.946000,-0.946000,0.004127,0.112481
-0.944000,-0.944000,0.004165,0.112995
-0.942000,-0.942000,0.004203,0.113512
-0.940000,-0.940000,0.004242,0.114030
-0.938000,-0.938000,0.004281,0.114552
-0.936000,-0.936000,0.004320,0.115075
-0.934000,-0.934000,0.004360,0.115601
-0.932000,-0.932000,0.004400,0.116129
-0.930000,-0.930000,0.004441,0.116660
-0.928000,-0.928000,0.004482,0.117193
-0.926000,-0.926000,0.004523,0.117728
-0.924000,-0.924000,0.004565,0.118266
-0.922000,-0.922000,0.004607,0.118806
-0.920000,-0.920000,0.004649,0.119349
-0.918000,-0.918000,0.004692,0.119894
-0.916000,-0.916000,0.004735,0.120441
-0.914000,-0.914000,0.004779,0.120991
-0.912000,-0.912000,0.004823,0.121544
-0.910000,-0.910000,0.004868,0.122099
-0.908000,-0.908000,0.004912,0.122656
-0.906000,-0.906000,0.004958,0.123216
-0.904000,-0.904000,0.005003,0.123778
-0.902000,-0.902000,0.005049,0.124343
-0.900000,-0.900000,0.005096,0.124910
-0.898000,-0.898000,0.005143,0.125480
-0.896000,-0.896000,0.005190,0.126052
-0.894000,-0.894000,0.005238,0.126627
-0.892000,-0.892000,0.005286,0.127205
-0.890000,-0.890000,0.005335,0.127785
-0.888000,-0.888000,0.005384,0.128367
-0.886000,-0.886000,0.005434,0.128952
-0.884000,-0.884000,0.005484,0.129540
-0.882000,-0.882000,0.005534,0.130131
-0.880000,-0.880000,0.005585,0.130724
-0.878000,-0.878000,0.005636,0.131319
-0.876000,-0.876000,0.005688,0.131918
-0.874000,-0.874000,0.005741,0.132519
-0.872000,-0.872000,0.005794,0.133122
-0.870000,-0.870000,0.005847,0.133729
-0.868000,-0.868000,0.005901,0.134337
-0.866000,-0.866000,0.005955,0.134949
-0.864000,-0.864000,0.006010,0.135564
-0.862000,-0.862000,0.006065,0.136181
-0.860000,-0.860000,0.006121,0.136801
-0.858000,-0.858000,0.006177,0.137423
-0.856000,-0.856000,0.006234,0.138048
-0.854000,-0.854000,0.006291,0.138677
-0.852000,-0.852000,0.006349,0.139307
-0.850000,-0.850000,0.006408,0.139941
-0.848000,-0.848000,0.006467,0.140577
-0.846000,-0.846000,0.006526,0.141217
-0.844000,-0.844000,0.006586,0.141859
-0.842000,-0.842000,0.006647,0.142504
-0.840000,-0.840000,0.006708,0.143151
-0.838000,-0.838000,0.006770,0.143802
-0.836000,-0.836000,0.006832,0.144455
-0.834000,-0.834000,0.006895,0.145112
-0.832000,-0.832000,0.006958,0.145771
-0.830000,-0.830000,0.007022,0.146433
-0.828000,-0.828000,0.007087,0.147098
-0.826000,-0.826000,0.007152,0.147766
-0.824000,-0.824000,0.007217,0.148437
-0.822000,-0.822000,0.007284,0.149111
-0.820000,-0.820000,0.007351,0.149788
-0.818000,-0.818000,0.007418,0.150467
-0.816000,-0.816000,0.007486,0.151150
-0.814000,-0.814000,0.007555,0.151836
-0.812000,-0.812000,0.007625,0.152524
-0.810000,-0.810000,0.007695,0.153216
-0.808000,-0.808000,0.007765,0.153911
-0.806000,-0.806000,0.007837,0.154608
-0.804000,-0.804000,0.007909,0.155309
-0.802000,-0.802000,0.007981,0.156013
-0.800000,-0.800000,0.008055,0.156720
-0.798000,-0.798000,0.008129,0.157430
-0.796000,-0.796000,0.008203,0.158143
-0.794000,-0.794000,0.008279,0.158859
-0.792000,-0.792000,0.008355,0.159579
-0.790000,-0.790000,0.008431,0.160301
-0.788000,-0.788000,0.008509,0.161027
-0.786000,-0.786000,0.008587,0.161756
-0.784000,-0.784000,0.008666,0.162487
-0.782000,-0.782000,0.008745,0.163223
-0.780000,-0.780000,0.008826,0.163961
-0.778000,-0.778000,0.008907,0.164702
-0.776000,-0.776000,0.008988,0.165447
-0.774000,-0.774000,0.009071,0.166195
-0.772000,-0.772000,0.009154,0.166946
-0.770000,-0.770000,0.009238,0.167700
-0.768000,-0.768000,0.009323,0.168458
-0.766000,-0.766000,0.009408,0.169219
-0.764000,-0.764000,0.009495,0.169983
-0.762000,-0.762000,0.009582,0.170751
-0.760000,-0.760000,0.009670,0.171521
-0.758000,-0.758000,0.009758,0.172295
-0.756000,-0.756000,0.009848,0.173073
-0.754000,-0.754000,0.009938,0.173854
-0.752000,-0.752000,0.010030,0.174638
-0.750000,-0.750000,0.010120,0.175425
-0.748000,-0.748000,0.010210,0.176216
-0.746000,-0.746000,0.010310,0.177011
-0.744000,-0.744000,0.010400,0.177808
-0.742000,-0.742000,0.010500,0.178609
-0.740000,-0.740000,0.010590,0.179414
-0.738000,-0.738000,0.010690,0.180222
-0.736000,-0.736000,0.010790,0.181033
-0.734000,-0.734000,0.010890,0.181848
-0.732000,-0.732000,0.010990,0.182666
-0.730000,-0.730000,0.011090,0.183488
-0.728000,-0.728000,0.011190,0.184314
-0.726000,-0.726000,0.011290,0.185143
-0.724000,-0.724000,0.011400,0.185975
-0.722000,-0.722000,0.011500,0.186811
-0.720000,-0.720000,0.011610,0.187650
-0.718000,-0.718000,0.011710,0.188493
-0.716000,-0.716000,0.011820,0.189340
-0.714000,-0.714000,0.011930,0.190190
-0.712000,-0.712000,0.012040,0.191044
-0.710000,-0.710000,0.012150,0.191901
-0.708000,-0.708000,0.012260,0.192762
-0.706000,-0.706000,0.012370,0.193627
-0.704000,-0.704000,0.012480,0.194495
-0.702000,-0.702000,0.012600,0.195367
-0.700000,-0.700000,0.012710,0.196243
-0.698000,-0.698000,0.012830,0.197122
-0.696000,-0.696000,0.012950,0.198005
-0.694000,-0.694000,0.013060,0.198892
-0.692000,-0.692000,0.013180,0.199782
-0.690000,-0.690000,0.013300,0.200676
-0.688000,-0.688000,0.013430,0.201574
-0.686000,-0.686000,0.013550,0.202476
-0.684000,-0.684000,0.013670,0.203381
-0.682000,-0.682000,0.013800,0.204291
-0.680000,-0.680000,0.013920,0.205204
-0.678000,-0.678000,0.014050,0.206120
-0.676000,-0.676000,0.014180,0.207041
-0.674000,-0.674000,0.014310,0.207966
-0.672000,-0.672000,0.014440,0.208894
-0.670000,-0.670000,0.014570,0.209826
-0.668000,-0.668000,0.014700,0.210762
-0.666000,-0.666000,0.014840,0.211702
-0.664000,-0.664000,0.014970,0.212646
-0.662000,-0.662000,0.015110,0.213593
-0.660000,-0.660000,0.015250,0.214545
-0.658000,-0.658000,0.015390,0.215500
-0.656000,-0.656000,0.015530,0.216460
-0.654000,-0.654000,0.015670,0.217423
-0.652000,-0.652000,0.015810,0.218390
-0.650000,-0.650000,0.015960,0.219362
-0.648000,-0.648000,0.016100,0.220337
-0.646000,-0.646000,0.016250,0.221316
-0.644000,-0.644000,0.016400,0.222299
-0.642000,-0.642000,0.016550,0.223287
-0.640000,-0.640000,0.016700,0.224278
-0.638000,-0.638000,0.016850,0.225273
-0.636000,-0.636000,0.017000,0.226273
-0.634000,-0.634000,0.017160,0.227276
-0.632000,-0.632000,0.017310,0.228284
-0.630000,-0.630000,0.017470,0.229295
-0.628000,-0.628000,0.017630,0.230311
-0.626000,-0.626000,0.017790,0.231331
-0.624000,-0.624000,0.017950,0.232355
-0.622000,-0.622000,0.018120,0.233383
-0.620000,-0.620000,0.018280,0.234415
-0.618000,-0.618000,0.018450,0.235451
-0.616000,-0.616000,0.018610,0.236492
-0.614000,-0.614000,0.018780,0.237536
-0.612000,-0.612000,0.018950,0.238585
-0.610000,-0.610000,0.019130,0.239638
-0.608000,-0.608000,0.019300,0.240695
-0.606000,-0.606000,0.019480,0.241757
-0.604000,-0.604000,0.019650,0.242823
-0.602000,-0.602000,0.019830,0.243892
-0.600000,-0.600000,0.020010,0.244967
-0.598000,-0.598000,0.020190,0.246045
-0.596000,-0.596000,0.020380,0.247128
-0.594000,-0.594000,0.020560,0.248215
-0.592000,-0.592000,0.020750,0.249306
-0.590000,-0.590000,0.020940,0.250401
-0.588000,-0.588000,0.021130,0.251501
-0.586000,-0.586000,0.021320,0.252605
-0.584000,-0.584000,0.021510,0.253714
-0.582000,-0.582000,0.021710,0.254827
-0.580000,-0.580000,0.021900,0.255944
-0.578000,-0.578000,0.022100,0.257065
-0.576000,-0.576000,0.022300,0.258191
-0.574000,-0.574000,0.022510,0.259321
-0.572000,-0.572000,0.022710,0.260456
-0.570000,-0.570000,0.022920,0.261595
-0.568000,-0.568000,0.023120,0.262738
-0.566000,-0.566000,0.023330,0.263886
-0.564000,-0.564000,0.023540,0.265038
-0.562000,-0.562000,0.023760,0.266195
-0.560000,-0.560000,0.023970,0.267356
-0.558000,-0.558000,0.024190,0.268521
-0.556000,-0.556000,0.024410,0.269691
-0.554000,-0.554000,0.024630,0.270866
-0.552000,-0.552000,0.024850,0.272045
-0.550000,-0.550000,0.025080,0.273228
-0.548000,-0.548000,0.025300,0.274416
-0.546000,-0.546000,0.025530,0.275608
-0.544000,-0.544000,0.025760,0.276805
-0.542000,-0.542000,0.025990,0.278006
-0.540000,-0.540000,0.026230,0.279212
-0.538000,-0.538000,0.026470,0.280422
-0.536000,-0.536000,0.026700,0.281637
-0.534000,-0.534000,0.026950,0.282857
-0.532000,-0.532000,0.027190,0.284081
-0.530000,-0.530000,0.027430,0.285309
-0.528000,-0.528000,0.027680,0.286542
-0.526000,-0.526000,0.027930,0.287780
-0.524000,-0.524000,0.028180,0.289022
-0.522000,-0.522000,0.028440,0.290269
-0.520000,-0.520000,0.028690,0.291520
-0.518000,-0.518000,0.028950,0.292776
-0.516000,-0.516000,0.029210,0.294036
-0.514000,-0.514000,0.029480,0.295301
-0.512000,-0.512000,0.029740,0.296571
-0.510000,-0.510000,0.030010,0.297845
-0.508000,-0.508000,0.030280,0.299124
-0.506000,-0.506000,0.030550,0.300408
-0.504000,-0.504000,0.030830,0.301696
-0.502000,-0.502000,0.031100,0.302988
-0.500000,-0.500000,0.031380,0.304286
-0.498000,-0.498000,0.031660,0.305587
-0.496000,-0.496000,0.031950,0.306894
-0.494000,-0.494000,0.032240,0.308205
-0.492000,-0.492000,0.032520,0.309521
-0.490000,-0.490000,0.032820,0.310842
-0.488000,-0.488000,0.033110,0.312167
-0.486000,-0.486000,0.033410,0.313496
-0.484000,-0.484000,0.033710,0.314831
-0.482000,-0.482000,0.034010,0.316170
-0.480000,-0.480000,0.034310,0.317513
-0.478000,-0.478000,0.034620,0.318862
-0.476000,-0.476000,0.034930,0.320215
-0.474000,-0.474000,0.035240,0.321572
-0.472000,-0.472000,0.035560,0.322935
-0.470000,-0.470000,0.035880,0.324301
-0.468000,-0.468000,0.036200,0.325673
-0.466000,-0.466000,0.036520,0.327049
-0.464000,-0.464000,0.036850,0.328430
-0.462000,-0.462000,0.037180,0.329816
-0.460000,-0.460000,0.037510,0.331206
-0.458000,-0.458000,0.037850,0.332601
-0.456000,-0.456000,0.038180,0.334000
-0.454000,-0.454000,0.038520,0.335404
-0.452000,-0.452000,0.038870,0.336813
-0.450000,-0.450000,0.039220,0.338226
-0.448000,-0.448000,0.039560,0.339644
-0.446000,-0.446000,0.039920,0.341067
-0.444000,-0.444000,0.040270,0.342494
-0.442000,-0.442000,0.040630,0.343926
-0.440000,-0.440000,0.040990,0.345363
-0.438000,-0.438000,0.041360,0.346804
-0.436000,-0.436000,0.041730,0.348250
-0.434000,-0.434000,0.042100,0.349700
-0.432000,-0.432000,0.042470,0.351155
-0.430000,-0.430000,0.042850,0.352615
-0.428000,-0.428000,0.043230,0.354079
-0.426000,-0.426000,0.043610,0.355547
-0.424000,-0.424000,0.044000,0.357021
-0.422000,-0.422000,0.044390,0.358499
-0.420000,-0.420000,0.044790,0.359981
-0.418000,-0.418000,0.045180,0.361468
-0.416000,-0.416000,0.045580,0.362960
-0.414000,-0.414000,0.045990,0.364456
-0.412000,-0.412000,0.046390,0.365956
-0.410000,-0.410000,0.046800,0.367461
-0.408000,-0.408000,0.047220,0.368971
-0.406000,-0.406000,0.047640,0.370485
-0.404000,-0.404000,0.048060,0.372004
-0.402000,-0.402000,0.048480,0.373527
-0.400000,-0.400000,0.048910,0.375055
-0.398000,-0.398000,0.049340,0.376587
-0.396000,-0.396000,0.049780,0.378123
-0.394000,-0.394000,0.050220,0.379664
-0.392000,-0.392000,0.050660,0.381209
-0.390000,-0.390000,0.051110,0.382759
-0.388000,-0.388000,0.051560,0.384313
-0.386000,-0.386000,0.052010,0.385871
-0.384000,-0.384000,0.052470,0.387434
-0.382000,-0.382000,0.052930,0.389001
-0.380000,-0.380000,0.053400,0.390573
-0.378000,-0.378000,0.053860,0.392149
-0.376000,-0.376000,0.054340,0.393729
-0.374000,-0.374000,0.054810,0.395313
-0.372000,-0.372000,0.055300,0.396902
-0.370000,-0.370000,0.055780,0.398495
-0.368000,-0.368000,0.056270,0.400092
-0.366000,-0.366000,0.056760,0.401693
-0.364000,-0.364000,0.057260,0.403298
-0.362000,-0.362000,0.057760,0.404908
-0.360000,-0.360000,0.058270,0.406522
-0.358000,-0.358000,0.058780,0.408139
-0.356000,-0.356000,0.059290,0.409761
-0.354000,-0.354000,0.059810,0.411387
-0.352000,-0.352000,0.060330,0.413017
-0.350000,-0.350000,0.060860,0.414651
-0.348000,-0.348000,0.061390,0.416289
-0.346000,-0.346000,0.061920,0.417931
-0.344000,-0.344000,0.062460,0.419577
-0.342000,-0.342000,0.063010,0.421227
-0.340000,-0.340000,0.063550,0.422881
-0.338000,-0.338000,0.064110,0.424538
-0.336000,-0.336000,0.064660,0.426200
-0.334000,-0.334000,0.065230,0.427865
-0.332000,-0.332000,0.065790,0.429534
-0.330000,-0.330000,0.066360,0.431207
-0.328000,-0.328000,0.066940,0.432883
-0.326000,-0.326000,0.067520,0.434563
-0.324000,-0.324000,0.068100,0.436247
-0.322000,-0.322000,0.068690,0.437934
-0.320000,-0.320000,0.069290,0.439625
-0.318000,-0.318000,0.069890,0.441320
-0.316000,-0.316000,0.070490,0.443017
-0.314000,-0.314000,0.071100,0.444719
-0.312000,-0.312000,0.071710,0.446424
-0.310000,-0.310000,0.072330,0.448132
-0.308000,-0.308000,0.072950,0.449844
-0.306000,-0.306000,0.073580,0.451558
-0.304000,-0.304000,0.074220,0.453277
-0.302000,-0.302000,0.074850,0.454998
-0.300000,-0.300000,0.075500,0.456723
-0.298000,-0.298000,0.076150,0.458450
-0.296000,-0.296000,0.076800,0.460181
-0.294000,-0.294000,0.077460,0.461915
-0.292000,-0.292000,0.078120,0.463652
-0.290000,-0.290000,0.078790,0.465392
-0.288000,-0.288000,0.079460,0.467135
-0.286000,-0.286000,0.080140,0.468881
-0.284000,-0.284000,0.080830,0.470629
-0.282000,-0.282000,0.081520,0.472380
-0.280000,-0.280000,0.082210,0.474135
-0.278000,-0.278000,0.082910,0.475891
-0.276000,-0.276000,0.083620,0.477651
-0.274000,-0.274000,0.084330,0.479413
-0.272000,-0.272000,0.085050,0.481177
-0.270000,-0.270000,0.085770,0.482944
-0.268000,-0.268000,0.086500,0.484713
-0.266000,-0.266000,0.087230,0.486485
-0.264000,-0.264000,0.087970,0.488259
-0.262000,-0.262000,0.088720,0.490035
-0.260000,-0.260000,0.089470,0.491814
-0.258000,-0.258000,0.090230,0.493594
-0.256000,-0.256000,0.090990,0.495377
-0.254000,-0.254000,0.091760,0.497161
-0.252000,-0.252000,0.092530,0.498948
-0.250000,-0.250000,0.093310,0.500736
-0.248000,-0.248000,0.094100,0.502527
-0.246000,-0.246000,0.094890,0.504319
-0.244000,-0.244000,0.095690,0.506112
-0.242000,-0.242000,0.096490,0.507908
-0.240000,-0.240000,0.097300,0.509704
-0.238000,-0.238000,0.098110,0.511503
-0.236000,-0.236000,0.098940,0.513302
-0.234000,-0.234000,0.099760,0.515103
-0.232000,-0.232000,0.100600,0.516906
-0.230000,-0.230000,0.101400,0.518709
-0.228000,-0.228000,0.102300,0.520514
-0.226000,-0.226000,0.103100,0.522319
-0.224000,-0.224000,0.104000,0.524126
-0.222000,-0.222000,0.104900,0.525933
-0.220000,-0.220000,0.105700,0.527742
-0.218000,-0.218000,0.106600,0.529551
-0.216000,-0.216000,0.107500,0.531360
-0.214000,-0.214000,0.108400,0.533170
-0.212000,-0.212000,0.109300,0.534981
-0.210000,-0.210000,0.110200,0.536792
-0.208000,-0.208000,0.111100,0.538603
-0.206000,-0.206000,0.112000,0.540415
-0.204000,-0.204000,0.112900,0.542227
-0.202000,-0.202000,0.113900,0.544038
-0.200000,-0.200000,0.114800,0.545850
-0.198000,-0.198000,0.115700,0.547662
-0.196000,-0.196000,0.116700,0.549473
-0.194000,-0.194000,0.117600,0.551284
-0.192000,-0.192000,0.118600,0.553094
-0.190000,-0.190000,0.119600,0.554904
-0.188000,-0.188000,0.120600,0.556714
-0.186000,-0.186000,0.121500,0.558522
-0.184000,-0.184000,0.122500,0.560330
-0.182000,-0.182000,0.123500,0.562137
-0.180000,-0.180000,0.124500,0.563943
-0.178000,-0.178000,0.125500,0.565748
-0.176000,-0.176000,0.126600,0.567552
-0.174000,-0.174000,0.127600,0.569354
-0.172000,-0.172000,0.128600,0.571155
-0.170000,-0.170000,0.129600,0.572954
-0.168000,-0.168000,0.130700,0.574752
-0.166000,-0.166000,0.131700,0.576548
-0.164000,-0.164000,0.132800,0.578342
-0.162000,-0.162000,0.133900,0.580134
-0.160000,-0.160000,0.134900,0.581924
-0.158000,-0.158000,0.136000,0.583711
-0.156000,-0.156000,0.137100,0.585497
-0.154000,-0.154000,0.138200,0.587280
-0.152000,-0.152000,0.139300,0.589060
-0.150000,-0.150000,0.140400,0.590838
-0.148000,-0.148000,0.141500,0.592613
-0.146000,-0.146000,0.142700,0.594385
-0.144000,-0.144000,0.143800,0.596154
-0.142000,-0.142000,0.144900,0.597919
-0.140000,-0.140000,0.146100,0.599682
-0.138000,-0.138000,0.147200,0.601441
-0.136000,-0.136000,0.148400,0.603196
-0.134000,-0.134000,0.149600,0.604948
-0.132000,-0.132000,0.150700,0.606696
-0.130000,-0.130000,0.151900,0.608440
-0.128000,-0.128000,0.153100,0.610180
-0.126000,-0.126000,0.154300,0.611916
-0.124000,-0.124000,0.155500,0.613647
-0.122000,-0.122000,0.156700,0.615374
-0.120000,-0.120000,0.157900,0.617097
-0.118000,-0.118000,0.159200,0.618814
-0.116000,-0.116000,0.160400,0.620527
-0.114000,-0.114000,0.161600,0.622234
-0.112000,-0.112000,0.162900,0.623937
-0.110000,-0.110000,0.164200,0.625634
-0.108000,-0.108000,0.165400,0.627326
-0.106000,-0.106000,0.166700,0.629012
-0.104000,-0.104000,0.168000,0.630692
-0.102000,-0.102000,0.169300,0.632366
-0.100000,-0.100000,0.170600,0.634035
-0.098000,-0.098000,0.171900,0.635697
-0.096000,-0.096000,0.173200,0.637353
-0.094000,-0.094000,0.174500,0.639002
-0.092000,-0.092000,0.175800,0.640645
-0.090000,-0.090000,0.177100,0.642281
-0.088000,-0.088000,0.178500,0.643910
-0.086000,-0.086000,0.179800,0.645532
-0.084000,-0.084000,0.181200,0.647146
-0.082000,-0.082000,0.182600,0.648753
-0.080000,-0.080000,0.183900,0.650353
-0.078000,-0.078000,0.185300,0.651945
-0.076000,-0.076000,0.186700,0.653529
-0.074000,-0.074000,0.188100,0.655105
-0.072000,-0.072000,0.189500,0.656672
-0.070000,-0.070000,0.190900,0.658232
-0.068000,-0.068000,0.192300,0.659782
-0.066000,-0.066000,0.193700,0.661325
-0.064000,-0.064000,0.195200,0.662858
-0.062000,-0.062000,0.196600,0.664382
-0.060000,-0.060000,0.198000,0.665897
-0.058000,-0.058000,0.199500,0.667403
-0.056000,-0.056000,0.200900,0.668899
-0.054000,-0.054000,0.202400,0.670385
-0.052000,-0.052000,0.203900,0.671862
-0.050000,-0.050000,0.205400,0.673329
-0.048000,-0.048000,0.206900,0.674785
-0.046000,-0.046000,0.208400,0.676231
-0.044000,-0.044000,0.209900,0.677667
-0.042000,-0.042000,0.211400,0.679092
-0.040000,-0.040000,0.212900,0.680506
-0.038000,-0.038000,0.214400,0.681909
-0.036000,-0.036000,0.216000,0.683301
-0.034000,-0.034000,0.217500,0.684681
-0.032000,-0.032000,0.219000,0.686050
-0.030000,-0.030000,0.220600,0.687407
-0.028000,-0.028000,0.222200,0.688753
-0.026000,-0.026000,0.223700,0.690086
-0.024000,-0.024000,0.225300,0.691407
-0.022000,-0.022000,0.226900,0.692716
-0.020000,-0.020000,0.228500,0.694012
-0.018000,-0.018000,0.230100,0.695295
-0.016000,-0.016000,0.231700,0.696566
-0.014000,-0.014000,0.233300,0.697824
-0.012000,-0.012000,0.234900,0.699068
-0.010000,-0.010000,0.236500,0.700299
-0.008000,-0.008000,0.238100,0.701516
-0.006000,-0.006000,0.239800,0.702720
-0.004000,-0.004000,0.241400,0.703910
-0.002000,-0.002000,0.243100,0.705086
0.000000,0.000000,0.244700,0.706247
0.002000,0.002000,0.246400,0.707394
0.004000,0.004000,0.248000,0.708527
0.006000,0.006000,0.249700,0.709645
0.008000,0.008000,0.251400,0.710748
0.010000,0.010000,0.253100,0.711836
0.012000,0.012000,0.254800,0.712909
0.014000,0.014000,0.256500,0.713966
0.016000,0.016000,0.258200,0.715008
0.018000,0.018000,0.259900,0.716035
0.020000,0.020000,0.261600,0.717045
0.022000,0.022000,0.263300,0.718040
0.024000,0.024000,0.265100,0.719019
0.026000,0.026000,0.266800,0.719981
0.028000,0.028000,0.268500,0.720927
0.030000,0.030000,0.270300,0.721856
0.032000,0.032000,0.272000,0.722768
0.034000,0.034000,0.273800,0.723664
0.036000,0.036000,0.275500,0.724543
0.038000,0.038000,0.277300,0.725405
0.040000,0.040000,0.279100,0.726249
0.042000,0.042000,0.280800,0.727076
0.044000,0.044000,0.282600,0.727885
0.046000,0.046000,0.284400,0.728677
0.048000,0.048000,0.286200,0.729451
0.050000,0.050000,0.288000,0.730207
0.052000,0.052000,0.289800,0.730946
0.054000,0.054000,0.291600,0.731665
0.056000,0.056000,0.293400,0.732367
0.058000,0.058000,0.295200,0.733050
0.060000,0.060000,0.297000,0.733715
0.062000,0.062000,0.298800,0.734362
0.064000,0.064000,0.300700,0.734989
0.066000,0.066000,0.302500,0.735598
0.068000,0.068000,0.304300,0.736188
0.070000,0.070000,0.306100,0.736758
0.072000,0.072000,0.308000,0.737310
0.074000,0.074000,0.309800,0.737843
0.076000,0.076000,0.311700,0.738356
0.078000,0.078000,0.313500,0.738850
0.080000,0.080000,0.315400,0.739325
0.082000,0.082000,0.317200,0.739780
0.084000,0.084000,0.319100,0.740215
0.086000,0.086000,0.320900,0.740631
0.088000,0.088000,0.322800,0.741027
0.090000,0.090000,0.324600,0.741404
0.092000,0.092000,0.326500,0.741761
0.094000,0.094000,0.328400,0.742097
0.096000,0.096000,0.330200,0.742414
0.098000,0.098000,0.332100,0.742711
0.100000,0.100000,0.334000,0.742989
0.102000,0.102000,0.335900,0.743246
0.104000,0.104000,0.337700,0.743483
0.106000,0.106000,0.339600,0.743700
0.108000,0.108000,0.341500,0.743897
0.110000,0.110000,0.343400,0.744074
0.112000,0.112000,0.345300,0.744231
0.114000,0.114000,0.347100,0.744368
0.116000,0.116000,0.349000,0.744485
0.118000,0.118000,0.350900,0.744582
0.120000,0.120000,0.352800,0.744659
0.122000,0.122000,0.354700,0.744716
0.124000,0.124000,0.356600,0.744753
0.126000,0.126000,0.358400,0.744770
0.128000,0.128000,0.360300,0.744768
0.130000,0.130000,0.362200,0.744745
0.132000,0.132000,0.364100,0.744703
0.134000,0.134000,0.366000,0.744641
0.136000,0.136000,0.367900,0.744560
0.138000,0.138000,0.369800,0.744459
0.140000,0.140000,0.371600,0.744338
0.142000,0.142000,0.373500,0.744198
0.144000,0.144000,0.375400,0.744039
0.146000,0.146000,0.377300,0.743861
0.148000,0.148000,0.379200,0.743663
0.150000,0.150000,0.381100,0.743447
0.152000,0.152000,0.382900,0.743212
0.154000,0.154000,0.384800,0.742958
0.156000,0.156000,0.386700,0.742685
0.158000,0.158000,0.388600,0.742394
0.160000,0.160000,0.390400,0.742085
0.162000,0.162000,0.392300,0.741757
0.164000,0.164000,0.394200,0.741412
0.166000,0.166000,0.396000,0.741049
0.168000,0.168000,0.397900,0.740668
0.170000,0.170000,0.399700,0.740269
0.172000,0.172000,0.401600,0.739854
0.174000,0.174000,0.403500,0.739421
0.176000,0.176000,0.405300,0.738972
0.178000,0.178000,0.407200,0.738505
0.180000,0.180000,0.409000,0.738023
0.182000,0.182000,0.410800,0.737524
0.184000,0.184000,0.412700,0.737009
0.186000,0.186000,0.414500,0.736478
0.188000,0.188000,0.416400,0.735932
0.190000,0.190000,0.418200,0.735370
0.192000,0.192000,0.420000,0.734793
0.194000,0.194000,0.421800,0.734202
0.196000,0.196000,0.423700,0.733596
0.198000,0.198000,0.425500,0.732976
0.200000,0.200000,0.427300,0.732342
0.202000,0.202000,0.429100,0.731694
0.204000,0.204000,0.430900,0.731032
0.206000,0.206000,0.432700,0.730358
0.208000,0.208000,0.434500,0.729671
0.210000,0.210000,0.436300,0.728971
0.212000,0.212000,0.438100,0.728259
0.214000,0.214000,0.439900,0.727535
0.216000,0.216000,0.441700,0.726800
0.218000,0.218000,0.443400,0.726054
0.220000,0.220000,0.445200,0.725296
0.222000,0.222000,0.447000,0.724528
0.224000,0.224000,0.448700,0.723749
0.226000,0.226000,0.450500,0.722961
0.228000,0.228000,0.452300,0.722163
0.230000,0.230000,0.454000,0.721356
0.232000,0.232000,0.455800,0.720540
0.234000,0.234000,0.457500,0.719716
0.236000,0.236000,0.459200,0.718883
0.238000,0.238000,0.461000,0.718042
0.240000,0.240000,0.462700,0.717194
0.242000,0.242000,0.464400,0.716339
0.244000,0.244000,0.466200,0.715477
0.246000,0.246000,0.467900,0.714609
0.248000,0.248000,0.469600,0.713734
0.250000,0.250000,0.471300,0.712854
0.252000,0.252000,0.473000,0.711969
0.254000,0.254000,0.474700,0.711078
0.256000,0.256000,0.476400,0.710183
0.258000,0.258000,0.478100,0.709284
0.260000,0.260000,0.479800,0.708380
0.262000,0.262000,0.481500,0.707473
0.264000,0.264000,0.483200,0.706563
0.266000,0.266000,0.484900,0.705650
0.268000,0.268000,0.486600,0.704734
0.270000,0.270000,0.488300,0.703816
0.272000,0.272000,0.490000,0.702896
0.274000,0.274000,0.491600,0.701974
0.276000,0.276000,0.493300,0.701051
0.278000,0.278000,0.495000,0.700127
0.280000,0.280000,0.496700,0.699203
0.282000,0.282000,0.498300,0.698277
0.284000,0.284000,0.500000,0.697352
0.286000,0.286000,0.501700,0.696426
0.288000,0.288000,0.503400,0.695501
0.290000,0.290000,0.505000,0.694577
0.292000,0.292000,0.506700,0.693653
0.294000,0.294000,0.508400,0.692731
0.296000,0.296000,0.510000,0.691809
0.298000,0.298000,0.511700,0.690889
0.300000,0.300000,0.513400,0.689971
0.302000,0.302000,0.515100,0.689054
0.304000,0.304000,0.516700,0.688140
0.306000,0.306000,0.518400,0.687227
0.308000,0.308000,0.520100,0.686317
0.310000,0.310000,0.521800,0.685408
0.312000,0.312000,0.523400,0.684502
0.314000,0.314000,0.525100,0.683599
0.316000,0.316000,0.526800,0.682698
0.318000,0.318000,0.528500,0.681799
0.320000,0.320000,0.530200,0.680903
0.322000,0.322000,0.531900,0.680009
0.324000,0.324000,0.533600,0.679117
0.326000,0.326000,0.535300,0.678228
0.328000,0.328000,0.537000,0.677341
0.330000,0.330000,0.538800,0.676456
0.332000,0.332000,0.540500,0.675572
0.334000,0.334000,0.542200,0.674691
0.336000,0.336000,0.544000,0.673811
0.338000,0.338000,0.545700,0.672932
0.340000,0.340000,0.547500,0.672055
0.342000,0.342000,0.549200,0.671178
0.344000,0.344000,0.551000,0.670301
0.346000,0.346000,0.552800,0.669425
0.348000,0.348000,0.554600,0.668548
0.350000,0.350000,0.556400,0.667670
0.352000,0.352000,0.558200,0.666792
0.354000,0.354000,0.560000,0.665911
0.356000,0.356000,0.561800,0.665029
0.358000,0.358000,0.563700,0.664143
0.360000,0.360000,0.565500,0.663255
0.362000,0.362000,0.567400,0.662362
0.364000,0.364000,0.569300,0.661465
0.366000,0.366000,0.571200,0.660563
0.368000,0.368000,0.573100,0.659654
0.370000,0.370000,0.575000,0.658739
0.372000,0.372000,0.576900,0.657816
0.374000,0.374000,0.578900,0.656885
0.376000,0.376000,0.580800,0.655945
0.378000,0.378000,0.582800,0.654995
0.380000,0.380000,0.584800,0.654033
0.382000,0.382000,0.586800,0.653059
0.384000,0.384000,0.588800,0.652073
0.386000,0.386000,0.590900,0.651072
0.388000,0.388000,0.592900,0.650055
0.390000,0.390000,0.595000,0.649023
0.392000,0.392000,0.597100,0.647973
0.394000,0.394000,0.599200,0.646904
0.396000,0.396000,0.601300,0.645815
0.398000,0.398000,0.603500,0.644705
0.400000,0.400000,0.605600,0.643572
0.402000,0.402000,0.607800,0.642416
0.404000,0.404000,0.610000,0.641234
0.406000,0.406000,0.612200,0.640025
0.408000,0.408000,0.614500,0.638788
0.410000,0.410000,0.616700,0.637522
0.412000,0.412000,0.619000,0.636224
0.414000,0.414000,0.621300,0.634894
0.416000,0.416000,0.623600,0.633530
0.418000,0.418000,0.625900,0.632129
0.420000,0.420000,0.628300,0.630692
0.422000,0.422000,0.630600,0.629215
0.424000,0.424000,0.633000,0.627697
0.426000,0.426000,0.635400,0.626137
0.428000,0.428000,0.637900,0.624533
0.430000,0.430000,0.640300,0.622883
0.432000,0.432000,0.642800,0.621186
0.434000,0.434000,0.645300,0.619439
0.436000,0.436000,0.647800,0.617641
0.438000,0.438000,0.650300,0.615790
0.440000,0.440000,0.652800,0.613884
0.442000,0.442000,0.655400,0.611922
0.444000,0.444000,0.658000,0.609901
0.446000,0.446000,0.660600,0.607821
0.448000,0.448000,0.663200,0.605678
0.450000,0.450000,0.665800,0.603472
0.452000,0.452000,0.668500,0.601201
0.454000,0.454000,0.671100,0.598862
0.456000,0.456000,0.673800,0.596454
0.458000,0.458000,0.676500,0.593975
0.460000,0.460000,0.679200,0.591424
0.462000,0.462000,0.681900,0.588798
0.464000,0.464000,0.684600,0.586097
0.466000,0.466000,0.687400,0.583318
0.468000,0.468000,0.690100,0.580460
0.470000,0.470000,0.692900,0.577521
0.472000,0.472000,0.695600,0.574499
0.474000,0.474000,0.698400,0.571393
0.476000,0.476000,0.701200,0.568202
0.478000,0.478000,0.704000,0.564924
0.480000,0.480000,0.706800,0.561558
0.482000,0.482000,0.709600,0.558102
0.484000,0.484000,0.712400,0.554556
0.486000,0.486000,0.715200,0.550917
0.488000,0.488000,0.718000,0.547184
0.490000,0.490000,0.720800,0.543357
0.492000,0.492000,0.723600,0.539435
0.494000,0.494000,0.726400,0.535416
0.496000,0.496000,0.729200,0.531300
0.498000,0.498000,0.732000,0.527086
0.500000,0.500000,0.734800,0.522773
0.502000,0.502000,0.737600,0.518360
0.504000,0.504000,0.740400,0.513848
0.506000,0.506000,0.743200,0.509234
0.508000,0.508000,0.745900,0.504520
0.510000,0.510000,0.748700,0.499704
0.512000,0.512000,0.751400,0.494787
0.514000,0.514000,0.754200,0.489769
0.516000,0.516000,0.756900,0.484649
0.518000,0.518000,0.759600,0.479427
0.520000,0.520000,0.762200,0.474105
0.522000,0.522000,0.764900,0.468681
0.524000,0.524000,0.767500,0.463157
0.526000,0.526000,0.770100,0.457533
0.528000,0.528000,0.772700,0.451810
0.530000,0.530000,0.775200,0.445988
0.532000,0.532000,0.777800,0.440068
0.534000,0.534000,0.780300,0.434052
0.536000,0.536000,0.782800,0.427939
0.538000,0.538000,0.785200,0.421732
0.540000,0.540000,0.787600,0.415432
0.542000,0.542000,0.790000,0.409040
0.544000,0.544000,0.792300,0.402558
0.546000,0.546000,0.794700,0.395986
0.548000,0.548000,0.796900,0.389328
0.550000,0.550000,0.799200,0.382583
0.552000,0.552000,0.801400,0.375756
0.554000,0.554000,0.803500,0.368846
0.556000,0.556000,0.805600,0.361857
0.558000,0.558000,0.807700,0.354790
0.560000,0.560000,0.809800,0.347647
0.562000,0.562000,0.811700,0.340432
0.564000,0.564000,0.813700,0.333145
0.566000,0.566000,0.815600,0.325790
0.568000,0.568000,0.817500,0.318368
0.570000,0.570000,0.819300,0.310882
0.572000,0.572000,0.821100,0.303335
0.574000,0.574000,0.822800,0.295729
0.576000,0.576000,0.824500,0.288067
0.578000,0.578000,0.826100,0.280350
0.580000,0.580000,0.827700,0.272582
0.582000,0.582000,0.829200,0.264764
0.584000,0.584000,0.830700,0.256900
0.586000,0.586000,0.832200,0.248992
0.588000,0.588000,0.833600,0.241041
0.590000,0.590000,0.834900,0.233051
0.592000,0.592000,0.836200,0.225024
0.594000,0.594000,0.837500,0.216961
0.596000,0.596000,0.838700,0.208865
0.598000,0.598000,0.839900,0.200737
0.600000,0.600000,0.841000,0.192580
0.602000,0.602000,0.842100,0.184396
0.604000,0.604000,0.843200,0.176185
0.606000,0.606000,0.844200,0.167949
0.608000,0.608000,0.845100,0.159690
0.610000,0.610000,0.846100,0.151409
0.612000,0.612000,0.846900,0.143106
0.614000,0.614000,0.847800,0.134782
0.616000,0.616000,0.848600,0.126437
0.618000,0.618000,0.849400,0.118073
0.620000,0.620000,0.850100,0.109688
0.622000,0.622000,0.850800,0.101283
0.624000,0.624000,0.851500,0.092858
0.626000,0.626000,0.852200,0.084410
0.628000,0.628000,0.852800,0.075941
0.630000,0.630000,0.853400,0.067447
0.632000,0.632000,0.853900,0.058929
0.634000,0.634000,0.854500,0.050383
0.636000,0.636000,0.855000,0.041808
0.638000,0.638000,0.855500,0.033201
0.640000,0.640000,0.856000,0.024560
0.642000,0.642000,0.856400,0.015882
0.644000,0.644000,0.856800,0.007163
0.646000,0.646000,0.857200,-0.001601
0.648000,0.648000,0.857600,-0.010412
0.650000,0.650000,0.858000,-0.019276
0.652000,0.652000,0.858300,-0.028197
0.654000,0.654000,0.858700,-0.037180
0.656000,0.656000,0.859000,-0.046229
0.658000,0.658000,0.859300,-0.055350
0.660000,0.660000,0.859600,-0.064548
0.662000,0.662000,0.859800,-0.073829
0.664000,0.664000,0.860100,-0.083200
0.666000,0.666000,0.860300,-0.092666
0.668000,0.668000,0.860500,-0.102233
0.670000,0.670000,0.860600,-0.111908
0.672000,0.672000,0.860800,-0.121697
0.674000,0.674000,0.860900,-0.131607
0.676000,0.676000,0.861000,-0.141645
0.678000,0.678000,0.861100,-0.151818
0.680000,0.680000,0.861100,-0.162132
0.682000,0.682000,0.861100,-0.172593
0.684000,0.684000,0.861100,-0.183209
0.686000,0.686000,0.861000,-0.193985
0.688000,0.688000,0.860800,-0.204929
0.690000,0.690000,0.860600,-0.216045
0.692000,0.692000,0.860400,-0.227341
0.694000,0.694000,0.860100,-0.238821
0.696000,0.696000,0.859700,-0.250490
0.698000,0.698000,0.859200,-0.262354
0.700000,0.700000,0.858700,-0.274416
0.702000,0.702000,0.858100,-0.286680
0.704000,0.704000,0.857400,-0.299149
0.706000,0.706000,0.856600,-0.311827
0.708000,0.708000,0.855700,-0.324714
0.710000,0.710000,0.854600,-0.337813
0.712000,0.712000,0.853500,-0.351122
0.714000,0.714000,0.852200,-0.364643
0.716000,0.716000,0.850800,-0.378373
0.718000,0.718000,0.849200,-0.392310
0.720000,0.720000,0.847500,-0.406450
0.722000,0.722000,0.845600,-0.420790
0.724000,0.724000,0.843500,-0.435324
0.726000,0.726000,0.841300,-0.450044
0.728000,0.728000,0.838800,-0.464944
0.730000,0.730000,0.836200,-0.480014
0.732000,0.732000,0.833300,-0.495243
0.734000,0.734000,0.830300,-0.510620
0.736000,0.736000,0.826900,-0.526133
0.738000,0.738000,0.823400,-0.541765
0.740000,0.740000,0.819600,-0.557502
0.742000,0.742000,0.815500,-0.573326
0.744000,0.744000,0.811200,-0.589219
0.746000,0.746000,0.806600,-0.605161
0.748000,0.748000,0.801700,-0.621129
0.750000,0.750000,0.796500,-0.637102
0.752000,0.752000,0.791000,-0.653054
0.754000,0.754000,0.785200,-0.668961
0.756000,0.756000,0.779100,-0.684794
0.758000,0.758000,0.772700,-0.700526
0.760000,0.760000,0.766000,-0.716127
0.762000,0.762000,0.758900,-0.731566
0.764000,0.764000,0.751500,-0.746811
0.766000,0.766000,0.743700,-0.761829
0.768000,0.768000,0.735700,-0.776586
0.770000,0.770000,0.727300,-0.791048
0.772000,0.772000,0.718500,-0.805178
0.774000,0.774000,0.709400,-0.818940
0.776000,0.776000,0.700000,-0.832296
0.778000,0.778000,0.690300,-0.845210
0.780000,0.780000,0.680200,-0.857644
0.782000,0.782000,0.669800,-0.869559
0.784000,0.784000,0.659100,-0.880918
0.786000,0.786000,0.648100,-0.891682
0.788000,0.788000,0.636800,-0.901814
0.790000,0.790000,0.625100,-0.911277
0.792000,0.792000,0.613300,-0.920035
0.794000,0.794000,0.601100,-0.928050
0.796000,0.796000,0.588700,-0.935289
0.798000,0.798000,0.576100,-0.941717
0.800000,0.800000,0.563300,-0.947303
0.802000,0.802000,0.550200,-0.952016
0.804000,0.804000,0.537000,-0.955825
0.806000,0.806000,0.523600,-0.958705
0.808000,0.808000,0.510100,-0.960630
0.810000,0.810000,0.496500,-0.961577
0.812000,0.812000,0.482700,-0.961525
0.814000,0.814000,0.468900,-0.960456
0.816000,0.816000,0.455100,-0.958356
0.818000,0.818000,0.441200,-0.955211
0.820000,0.820000,0.427300,-0.951014
0.822000,0.822000,0.413500,-0.945757
0.824000,0.824000,0.399700,-0.939437
0.826000,0.826000,0.386000,-0.932056
0.828000,0.828000,0.372400,-0.923617
0.830000,0.830000,0.359000,-0.914127
0.832000,0.832000,0.345700,-0.903599
0.834000,0.834000,0.332600,-0.892046
0.836000,0.836000,0.319800,-0.879487
0.838000,0.838000,0.307200,-0.865944
0.840000,0.840000,0.294900,-0.851443
0.842000,0.842000,0.282800,-0.836012
0.844000,0.844000,0.271100,-0.819684
0.846000,0.846000,0.259800,-0.802495
0.848000,0.848000,0.248800,-0.784484
0.850000,0.850000,0.238200,-0.765693
0.852000,0.852000,0.228000,-0.746168
0.854000,0.854000,0.218300,-0.725955
0.856000,0.856000,0.209000,-0.705106
0.858000,0.858000,0.200100,-0.683673
0.860000,0.860000,0.191700,-0.661709
0.862000,0.862000,0.183900,-0.639272
0.864000,0.864000,0.176500,-0.616418
0.866000,0.866000,0.169600,-0.593207
0.868000,0.868000,0.163200,-0.569698
0.870000,0.870000,0.157300,-0.545949
0.872000,0.872000,0.151900,-0.522022
0.874000,0.874000,0.147000,-0.497974
0.876000,0.876000,0.142600,-0.473865
0.878000,0.878000,0.138700,-0.449752
0.880000,0.880000,0.135300,-0.425692
0.882000,0.882000,0.132400,-0.401737
0.884000,0.884000,0.129900,-0.377939
0.886000,0.886000,0.127900,-0.354349
0.888000,0.888000,0.126300,-0.331012
0.890000,0.890000,0.125100,-0.307971
0.892000,0.892000,0.124300,-0.285265
0.894000,0.894000,0.123900,-0.262930
0.896000,0.896000,0.123800,-0.240997
0.898000,0.898000,0.124000,-0.219492
0.900000,0.900000,0.124600,-0.198439
0.902000,0.902000,0.125400,-0.177855
0.904000,0.904000,0.126500,-0.157752
0.906000,0.906000,0.127700,-0.138139
0.908000,0.908000,0.129200,-0.119018
0.910000,0.910000,0.130900,-0.100388
0.912000,0.912000,0.132700,-0.082240
0.914000,0.914000,0.134600,-0.064564
0.916000,0.916000,0.136700,-0.047343
0.918000,0.918000,0.138800,-0.030557
0.920000,0.920000,0.140900,-0.014180
0.922000,0.922000,0.143200,0.001816
0.924000,0.924000,0.145400,0.017463
0.926000,0.926000,0.147700,0.032798
0.928000,0.928000,0.149900,0.047857
0.930000,0.930000,0.152200,0.062682
0.932000,0.932000,0.154400,0.077367
0.934000,0.934000,0.156600,0.090626
0.936000,0.936000,0.158800,0.105005
0.938000,0.938000,0.160900,0.119321
0.940000,0.940000,0.163100,0.133619
0.942000,0.942000,0.165200,0.147941
0.944000,0.944000,0.167400,0.162327
0.946000,0.946000,0.169500,0.176815
0.948000,0.948000,0.171700,0.191441
0.950000,0.950000,0.173900,0.206237
0.952000,0.952000,0.176100,0.221231
0.954000,0.954000,0.178400,0.236447
0.956000,0.956000,0.180900,0.251905
0.958000,0.958000,0.183400,0.267618
0.960000,0.960000,0.186100,0.283595
0.962000,0.962000,0.189000,0.299838
0.964000,0.964000,0.192100,0.316345
0.966000,0.966000,0.195300,0.333106
0.968000,0.968000,0.198900,0.350106
0.970000,0.970000,0.202700,0.367325
0.972000,0.972000,0.206800,0.384734
0.974000,0.974000,0.211200,0.402301
0.976000,0.976000,0.216000,0.419987
0.978000,0.978000,0.221200,0.437750
0.980000,0.980000,0.226700,0.455542
0.982000,0.982000,0.232600,0.473309
0.984000,0.984000,0.238900,0.490997
0.986000,0.986000,0.245600,0.508547
0.988000,0.988000,0.252800,0.525899
0.990000,0.990000,0.260400,0.542988
0.992000,0.992000,0.268400,0.559753
0.994000,0.994000,0.276800,0.576130
0.996000,0.996000,0.285700,0.592055
0.998000,0.998000,0.295000,0.607469
1.000000,1.000000,0.304600,0.622311
1.002000,1.002000,0.314700,0.636526
1.004000,1.004000,0.325100,0.650060
1.006000,1.006000,0.335900,0.662866
1.008000,1.008000,0.346900,0.674899
1.010000,1.010000,0.358300,0.686120
1.012000,1.012000,0.370000,0.696495
1.014000,1.014000,0.381900,0.705998
1.016000,1.016000,0.394100,0.714606
1.018000,1.018000,0.406400,0.722302
1.020000,1.020000,0.418900,0.729076
1.022000,1.022000,0.431600,0.734923
1.024000,1.024000,0.444400,0.739843
1.026000,1.026000,0.457300,0.743841
1.028000,1.028000,0.470200,0.746924
1.030000,1.030000,0.483300,0.749106
1.032000,1.032000,0.496400,0.750401
1.034000,1.034000,0.509500,0.750825
1.036000,1.036000,0.522600,0.750395
1.038000,1.038000,0.535700,0.749128
1.040000,1.040000,0.548900,0.747041
1.042000,1.042000,0.562000,0.744147
1.044000,1.044000,0.575200,0.740456
1.046000,1.046000,0.588300,0.735976
1.048000,1.048000,0.601500,0.730708
1.050000,1.050000,0.614700,0.724649
1.052000,1.052000,0.627800,0.717789
1.054000,1.054000,0.641000,0.710111
1.056000,1.056000,0.654200,0.701593
1.058000,1.058000,0.667400,0.692204
1.060000,1.060000,0.680700,0.681906
1.062000,1.062000,0.693900,0.670656
1.064000,1.064000,0.707200,0.658402
1.066000,1.066000,0.720500,0.645089
1.068000,1.068000,0.733800,0.630657
1.070000,1.070000,0.747000,0.615041
1.072000,1.072000,0.760300,0.598177
1.074000,1.074000,0.773400,0.579997
1.076000,1.076000,0.786400,0.560436
1.078000,1.078000,0.799300,0.539433
1.080000,1.080000,0.812000,0.516929
1.082000,1.082000,0.824500,0.492875
1.084000,1.084000,0.836600,0.467230
1.086000,1.086000,0.848300,0.439962
1.088000,1.088000,0.859600,0.411054
1.090000,1.090000,0.870400,0.380504
1.092000,1.092000,0.880600,0.348323
1.094000,1.094000,0.890200,0.314542
1.096000,1.096000,0.898900,0.279212
1.098000,1.098000,0.906900,0.242399
1.100000,1.100000,0.913900,0.204193
1.102000,1.102000,0.919900,0.164702
1.104000,1.104000,0.924800,0.124055
1.106000,1.106000,0.928600,0.082398
1.108000,1.108000,0.931200,0.039896
1.110000,1.110000,0.932600,-0.003268
1.112000,1.112000,0.932600,-0.046900
1.114000,1.114000,0.931400,-0.090791
1.116000,1.116000,0.928700,-0.134724
1.118000,1.118000,0.924700,-0.178475
1.120000,1.120000,0.919400,-0.221816
1.122000,1.122000,0.912700,-0.264521
1.124000,1.124000,0.904700,-0.306366
1.126000,1.126000,0.895300,-0.347132
1.128000,1.128000,0.884800,-0.386613
1.130000,1.130000,0.873100,-0.424614
1.132000,1.132000,0.860300,-0.460957
1.134000,1.134000,0.846400,-0.495485
1.136000,1.136000,0.831700,-0.528059
1.138000,1.138000,0.816100,-0.558565
1.140000,1.140000,0.799700,-0.586913
1.142000,1.142000,0.782800,-0.613037
1.144000,1.144000,0.765300,-0.636898
1.146000,1.146000,0.747300,-0.658482
1.148000,1.148000,0.729000,-0.677796
1.150000,1.150000,0.710500,-0.694873
1.152000,1.152000,0.691900,-0.709763
1.154000,1.154000,0.673100,-0.722536
1.156000,1.156000,0.654300,-0.733275
1.158000,1.158000,0.635600,-0.742074
1.160000,1.160000,0.617000,-0.749035
1.162000,1.162000,0.598500,-0.754264
1.164000,1.164000,0.580100,-0.757865
1.166000,1.166000,0.562000,-0.759939
1.168000,1.168000,0.544000,-0.760582
1.170000,1.170000,0.526300,-0.759876
1.172000,1.172000,0.508700,-0.757892
1.174000,1.174000,0.491300,-0.754685
1.176000,1.176000,0.474000,-0.750294
1.178000,1.178000,0.456900,-0.744740
1.180000,1.180000,0.439800,-0.738025
1.182000,1.182000,0.422900,-0.730135
1.184000,1.184000,0.406100,-0.721039
1.186000,1.186000,0.389400,-0.710691
1.188000,1.188000,0.372700,-0.699034
1.190000,1.190000,0.356200,-0.686000
1.192000,1.192000,0.339700,-0.671517
1.194000,1.194000,0.323400,-0.655510
1.196000,1.196000,0.307200,-0.637905
1.198000,1.198000,0.291300,-0.618632
1.200000,1.200000,0.275600,-0.597631
1.202000,1.202000,0.260300,-0.574853
1.204000,1.204000,0.245300,-0.550263
1.206000,1.206000,0.230800,-0.523842
1.208000,1.208000,0.216800,-0.495592
1.210000,1.210000,0.203500,-0.465532
1.212000,1.212000,0.190800,-0.433703
1.214000,1.214000,0.178900,-0.400163
1.216000,1.216000,0.167900,-0.364992
1.218000,1.218000,0.157800,-0.328286
1.220000,1.220000,0.148700,-0.290155
1.222000,1.222000,0.140700,-0.250726
1.224000,1.224000,0.133800,-0.210134
1.226000,1.226000,0.128000,-0.168523
1.228000,1.228000,0.123400,-0.126043
1.230000,1.230000,0.120100,-0.082850
1.232000,1.232000,0.118000,-0.039098
1.234000,1.234000,0.117300,0.005054
1.236000,1.236000,0.117800,0.049451
1.238000,1.238000,0.119600,0.093936
1.240000,1.240000,0.122800,0.138355
1.242000,1.242000,0.127300,0.182551
1.244000,1.244000,0.133100,0.226369
1.246000,1.246000,0.140200,0.269650
1.248000,1.248000,0.148700,0.312231
1.250000,1.250000,0.158600,0.353945
1.252000,1.252000,0.169700,0.394620
1.254000,1.254000,0.182100,0.434076
1.256000,1.256000,0.195900,0.472128
1.258000,1.258000,0.210800,0.508585
1.260000,1.260000,0.227000,0.543253
1.262000,1.262000,0.244400,0.575937
1.264000,1.264000,0.262800,0.606443
1.266000,1.266000,0.282300,0.634585
1.268000,1.268000,0.302800,0.660187
1.270000,1.270000,0.324100,0.683088
1.272000,1.272000,0.346200,0.703150
1.274000,1.274000,0.368900,0.720260
1.276000,1.276000,0.392100,0.734331
1.278000,1.278000,0.415700,0.745312
1.280000,1.280000,0.439600,0.753183
1.282000,1.282000,0.463600,0.757958
1.284000,1.284000,0.487700,0.759681
1.286000,1.286000,0.511700,0.758424
1.288000,1.288000,0.535500,0.754281
1.290000,1.290000,0.559100,0.747358
1.292000,1.292000,0.582300,0.737768
1.294000,1.294000,0.605300,0.725617
1.296000,1.296000,0.627900,0.711000
1.298000,1.298000,0.650100,0.693985
1.300000,1.300000,0.671900,0.674611
1.302000,1.302000,0.693300,0.652875
1.304000,1.304000,0.714400,0.628735
1.306000,1.306000,0.735000,0.602107
1.308000,1.308000,0.755300,0.572866
1.310000,1.310000,0.775000,0.540856
1.312000,1.312000,0.794300,0.505900
1.314000,1.314000,0.812800,0.467815
1.316000,1.316000,0.830600,0.426430
1.318000,1.318000,0.847300,0.381606
1.320000,1.320000,0.862900,0.333255
1.322000,1.322000,0.876900,0.281364
1.324000,1.324000,0.889300,0.226011
1.326000,1.326000,0.899600,0.167383
1.328000,1.328000,0.907500,0.105785
1.330000,1.330000,0.912900,0.041647
1.332000,1.332000,0.915300,-0.024477
1.334000,1.334000,0.914700,-0.091918
1.336000,1.336000,0.910900,-0.159912
1.338000,1.338000,0.903700,-0.227617
1.340000,1.340000,0.893100,-0.294146
1.342000,1.342000,0.879200,-0.358601
1.344000,1.344000,0.862200,-0.420107
1.346000,1.346000,0.842200,-0.477851
1.348000,1.348000,0.819600,-0.531115
1.350000,1.350000,0.794600,-0.579307
1.352000,1.352000,0.767800,-0.621982
1.354000,1.354000,0.739400,-0.658859
1.356000,1.356000,0.710000,-0.689822
1.358000,1.358000,0.679800,-0.714913
1.360000,1.360000,0.649300,-0.734314
1.362000,1.362000,0.618800,-0.748323
1.364000,1.364000,0.588400,-0.757312
1.366000,1.366000,0.558500,-0.761690
1.368000,1.368000,0.529000,-0.761864
1.370000,1.370000,0.500100,-0.758193
1.372000,1.372000,0.471800,-0.750960
1.374000,1.374000,0.443900,-0.740343
1.376000,1.376000,0.416500,-0.726405
1.378000,1.378000,0.389600,-0.709093
1.380000,1.380000,0.363100,-0.688256
1.382000,1.382000,0.337100,-0.663674
1.384000,1.384000,0.311700,-0.635099
1.386000,1.386000,0.287200,-0.602302
1.388000,1.388000,0.263700,-0.565126
1.390000,1.390000,0.241700,-0.523540
1.392000,1.392000,0.221300,-0.477673
1.394000,1.394000,0.203100,-0.427847
1.396000,1.396000,0.187300,-0.374589
1.398000,1.398000,0.174300,-0.318612
1.400000,1.400000,0.164200,-0.260791
1.402000,1.402000,0.157100,-0.202101
1.404000,1.404000,0.153000,-0.143548
1.406000,1.406000,0.151700,-0.086087
1.408000,1.408000,0.152800,-0.030530
1.410000,1.410000,0.156100,0.022534
1.412000,1.412000,0.160900,0.072807
1.414000,1.414000,0.166800,0.120323
1.416000,1.416000,0.173300,0.165460
1.418000,1.418000,0.180100,0.208915
1.420000,1.420000,0.187000,0.251638
1.422000,1.422000,0.193900,0.294731
1.424000,1.424000,0.201100,0.339315
1.426000,1.426000,0.208900,0.386385
1.428000,1.428000,0.218100,0.436648
1.430000,1.430000,0.229400,0.490384
1.432000,1.432000,0.243700,0.547327
1.434000,1.434000,0.262100,0.606588
1.436000,1.436000,0.285200,0.666642
1.438000,1.438000,0.313800,0.725368
1.440000,1.440000,0.348300,0.780163
1.442000,1.442000,0.388500,0.828111
1.444000,1.444000,0.434200,0.866205
1.446000,1.446000,0.484500,0.891596
1.448000,1.448000,0.538200,0.901848
1.450000,1.450000,0.593600,0.895180
1.452000,1.452000,0.649000,0.870659
1.454000,1.454000,0.702400,0.828323
1.456000,1.456000,0.752000,0.769223
1.458000,1.458000,0.796100,0.695372
1.460000,1.460000,0.833300,0.609595
1.462000,1.462000,0.862700,0.515303
1.464000,1.464000,0.883800,0.416204
1.466000,1.466000,0.896700,0.315986
1.468000,1.468000,0.902000,0.218003
1.470000,1.470000,0.900500,0.125002
1.472000,1.472000,0.893700,0.038917
1.474000,1.474000,0.882800,-0.039227
1.476000,1.476000,0.869100,-0.109319
1.478000,1.478000,0.853700,-0.172036
1.480000,1.480000,0.837500,-0.228641
1.482000,1.482000,0.821000,-0.280699
1.484000,1.484000,0.804100,-0.329775
1.486000,1.486000,0.786700,-0.377139
1.488000,1.488000,0.768100,-0.423530
1.490000,1.490000,0.747800,-0.469018
1.492000,1.492000,0.725200,-0.512975
1.494000,1.494000,0.699800,-0.554171
1.496000,1.496000,0.671500,-0.590986
1.498000,1.498000,0.640700,-0.621693
1.500000,1.500000,0.607700,-0.644782
1.502000,1.502000,0.573700,-0.659257
1.504000,1.504000,0.539500,-0.664863
1.506000,1.506000,0.506300,-0.662191
1.508000,1.508000,0.475000,-0.652628
1.510000,1.510000,0.446000,-0.638159
1.512000,1.512000,0.419300,-0.621021
1.514000,1.514000,0.394600,-0.603283
1.516000,1.516000,0.370700,-0.586387
1.518000,1.518000,0.346600,-0.570760
1.520000,1.520000,0.320700,-0.555546
1.522000,1.522000,0.292000,-0.538541
1.524000,1.524000,0.259700,-0.516362
1.526000,1.526000,0.223900,-0.484844
1.528000,1.528000,0.185500,-0.439637
1.530000,1.530000,0.146300,-0.376925
1.532000,1.532000,0.108900,-0.294153
1.534000,1.534000,0.076540,-0.190668
1.536000,1.536000,0.052680,-0.068126
1.538000,1.538000,0.040440,0.069385
1.540000,1.540000,0.042320,0.215581
1.542000,1.542000,0.059690,0.362561
1.544000,1.544000,0.092590,0.501659
1.546000,1.546000,0.139600,0.624462
1.548000,1.548000,0.198100,0.723853
1.550000,1.550000,0.264200,0.794892
1.552000,1.552000,0.333700,0.835420
1.554000,1.554000,0.402300,0.846258
1.556000,1.556000,0.466100,0.830975
1.558000,1.558000,0.522500,0.795236
1.560000,1.560000,0.569800,0.745864
1.562000,1.562000,0.608100,0.689738
1.564000,1.564000,0.638200,0.632749
1.566000,1.566000,0.662300,0.578976
1.568000,1.568000,0.682600,0.530232
1.570000,1.570000,0.701400,0.486063
1.572000,1.572000,0.720400,0.444176
1.574000,1.574000,0.740300,0.401207
1.576000,1.576000,0.760900,0.353667
1.578000,1.578000,0.781200,0.298848
1.580000,1.580000,0.799500,0.235503
1.582000,1.582000,0.814200,0.164145
1.584000,1.584000,0.823700,0.086906
1.586000,1.586000,0.827300,0.006981
1.588000,1.588000,0.825100,-0.072200
1.590000,1.590000,0.817900,-0.147867
1.592000,1.592000,0.807100,-0.218637
1.594000,1.594000,0.794000,-0.284877
1.596000,1.596000,0.779700,-0.348559
1.598000,1.598000,0.764100,-0.412618
1.600000,1.600000,0.746500,-0.479921
1.602000,1.602000,0.724700,-0.552081
1.604000,1.604000,0.696200,-0.628411
1.606000,1.606000,0.658300,-0.705306
1.608000,1.608000,0.609200,-0.776281
1.610000,1.610000,0.548300,-0.832716
1.612000,1.612000,0.477000,-0.865253
1.614000,1.614000,0.398800,-0.865564
1.616000,1.616000,0.318600,-0.828138
1.618000,1.618000,0.242800,-0.751677
1.620000,1.620000,0.177400,-0.639752
1.622000,1.622000,0.127700,-0.500526
1.624000,1.624000,0.096900,-0.345544
1.626000,1.626000,0.085870,-0.187812
1.628000,1.628000,0.092890,-0.039561
1.630000,1.630000,0.114200,0.089807
1.632000,1.632000,0.144600,0.195150
1.634000,1.634000,0.179100,0.276059
1.636000,1.636000,0.213300,0.336297
1.638000,1.638000,0.244500,0.382342
1.640000,1.640000,0.272200,0.421435
1.642000,1.642000,0.297400,0.459611
1.644000,1.644000,0.322600,0.500218
1.646000,1.646000,0.350400,0.543269
1.648000,1.648000,0.383100,0.585753
1.650000,1.650000,0.421700,0.622741
1.652000,1.652000,0.465800,0.648932
1.654000,1.654000,0.513800,0.660156
1.656000,1.656000,0.563200,0.654362
1.658000,1.658000,0.611900,0.631840
1.660000,1.660000,0.658000,0.594631
1.662000,1.662000,0.700800,0.545372
1.664000,1.664000,0.740300,0.486031
1.666000,1.666000,0.776900,0.416988
1.668000,1.668000,0.810700,0.336860
1.670000,1.670000,0.841100,0.243176
1.672000,1.672000,0.866000,0.133747
1.674000,1.674000,0.882300,0.008280
1.676000,1.676000,0.886400,-0.130317
1.678000,1.678000,0.875100,-0.275449
1.680000,1.680000,0.846600,-0.417424
1.682000,1.682000,0.801200,-0.545062
1.684000,1.684000,0.741600,-0.647907
1.686000,1.686000,0.672400,-0.718416
1.688000,1.688000,0.599300,-0.753475
1.690000,1.690000,0.527700,-0.754786
1.692000,1.692000,0.462100,-0.728019
1.694000,1.694000,0.405000,-0.680998
1.696000,1.696000,0.356700,-0.621515
1.698000,1.698000,0.316100,-0.555433
1.700000,1.700000,0.281400,-0.485654
1.702000,1.702000,0.250800,-0.412167
1.704000,1.704000,0.223700,-0.333059
1.706000,1.706000,0.200300,-0.246015
1.708000,1.708000,0.182200,-0.149750
1.710000,1.710000,0.171100,-0.044868
1.712000,1.712000,0.168900,0.066045
1.714000,1.714000,0.176500,0.179001
1.716000,1.716000,0.194600,0.289481
1.718000,1.718000,0.222600,0.393189
1.720000,1.720000,0.259800,0.486399
1.722000,1.722000,0.305500,0.565858
1.724000,1.724000,0.358300,0.628487
1.726000,1.726000,0.417000,0.671214
1.728000,1.728000,0.479600,0.691193
1.730000,1.730000,0.543600,0.686433
1.732000,1.732000,0.606100,0.656540
1.734000,1.734000,0.664300,0.603164
1.736000,1.736000,0.715700,0.529773
1.738000,1.738000,0.759100,0.440726
1.740000,1.740000,0.794000,0.339973
1.742000,1.742000,0.820600,0.230001
1.744000,1.744000,0.838700,0.111664
1.746000,1.746000,0.847400,-0.014879
1.748000,1.748000,0.844800,-0.148398
1.750000,1.750000,0.828200,-0.284829
1.752000,1.752000,0.795900,-0.416489
1.754000,1.754000,0.747400,-0.532928
1.756000,1.756000,0.685300,-0.623361
1.758000,1.758000,0.614200,-0.679768
1.760000,1.760000,0.540300,-0.699341
1.762000,1.762000,0.469400,-0.685030
1.764000,1.764000,0.405200,-0.643834
1.766000,1.766000,0.349100,-0.583529
1.768000,1.768000,0.300500,-0.509435
1.770000,1.770000,0.258300,-0.422913
1.772000,1.772000,0.222800,-0.322476
1.774000,1.774000,0.196200,-0.206990
1.776000,1.776000,0.182000,-0.079168
1.778000,1.778000,0.183300,0.052856
1.780000,1.780000,0.200400,0.177253
1.782000,1.782000,0.230100,0.283101
1.784000,1.784000,0.266200,0.365610
1.786000,1.786000,0.303000,0.428866
1.788000,1.788000,0.337800,0.483891
1.790000,1.790000,0.373400,0.542123
1.792000,1.792000,0.416800,0.607214
1.794000,1.794000,0.476200,0.669517
1.796000,1.796000,0.555200,0.707008
1.798000,1.798000,0.649200,0.693353
1.800000,1.800000,0.745200,0.610021
1.802000,1.802000,0.825300,0.456644
1.804000,1.804000,0.873800,0.254017
1.806000,1.806000,0.883100,0.037499
1.808000,1.808000,0.857000,-0.156499
1.810000,1.810000,0.807800,-0.304355
1.812000,1.812000,0.750400,-0.402340
1.814000,1.814000,0.695400,-0.463428
1.816000,1.816000,0.645400,-0.505986
1.818000,1.818000,0.596200,-0.541225
1.820000,1.820000,0.542400,-0.566989
1.822000,1.822000,0.482700,-0.571501
1.824000,1.824000,0.422000,-0.544243
1.826000,1.826000,0.369000,-0.486192
1.828000,1.828000,0.329300,-0.411680
1.830000,1.830000,0.301400,-0.339484
1.832000,1.832000,0.276200,-0.278414
1.834000,1.834000,0.243900,-0.217518
1.836000,1.836000,0.202300,-0.129336
1.838000,1.838000,0.162200,0.013279
1.840000,1.840000,0.145000,0.215781
1.842000,1.842000,0.172100,0.449705
1.844000,1.844000,0.252200,0.659327
1.846000,1.846000,0.373700,0.785864
1.848000,1.848000,0.508600,0.796348
1.850000,1.850000,0.624600,0.700122
1.852000,1.852000,0.700300,0.542570
1.854000,1.854000,0.734400,0.379593
1.856000,1.856000,0.741800,0.248535
1.858000,1.858000,0.742000,0.153435
1.860000,1.860000,0.746400,0.072642
1.862000,1.862000,0.752700,-0.018482
1.864000,1.864000,0.750700,-0.127091
1.866000,1.866000,0.732500,-0.239329
1.868000,1.868000,0.699300,-0.334899
1.870000,1.870000,0.660200,-0.406345
1.872000,1.872000,0.621600,-0.465676
1.874000,1.874000,0.579800,-0.531068
1.876000,1.876000,0.521400,-0.603416
1.878000,1.878000,0.434400,-0.652925
1.880000,1.880000,0.322800,-0.630341
1.882000,1.882000,0.210900,-0.498869
1.884000,1.884000,0.133700,-0.265065
1.886000,1.886000,0.117600,0.015297
1.888000,1.888000,0.164300,0.263794
1.890000,1.890000,0.249600,0.421957
1.892000,1.892000,0.338900,0.480779
1.894000,1.894000,0.407700,0.477080
1.896000,1.896000,0.453500,0.461159
1.898000,1.898000,0.490600,0.461043
1.900000,1.900000,0.535100,0.469319
1.902000,1.902000,0.591200,0.458767
1.904000,1.904000,0.650600,0.409614
1.906000,1.906000,0.701700,0.323826
1.908000,1.908000,0.739800,0.216231
1.910000,1.910000,0.767400,0.094841
1.912000,1.912000,0.785400,-0.047400
1.914000,1.914000,0.785200,-0.219210
1.916000,1.916000,0.751700,-0.408275
1.918000,1.918000,0.675600,-0.573119
1.920000,1.920000,0.565400,-0.661832
1.922000,1.922000,0.447400,-0.645242
1.924000,1.924000,0.351300,-0.537299
1.926000,1.926000,0.293000,-0.385047
1.928000,1.928000,0.268800,-0.236422
1.930000,1.930000,0.262800,-0.112419
1.932000,1.932000,0.262400,-0.004434
1.934000,1.934000,0.266300,0.105863
1.936000,1.936000,0.281600,0.225045
1.938000,1.938000,0.315100,0.342621
1.940000,1.940000,0.367500,0.440992
1.942000,1.942000,0.434900,0.506215
1.944000,1.944000,0.512000,0.529486
1.946000,1.946000,0.592500,0.503508
1.948000,1.948000,0.667600,0.423782
1.950000,1.950000,0.726000,0.295828
1.952000,1.952000,0.759200,0.138249
1.954000,1.954000,0.765400,-0.025687
1.956000,1.956000,0.748800,-0.180653
1.958000,1.958000,0.712300,-0.321252
1.960000,1.960000,0.654900,-0.440290
1.962000,1.962000,0.576500,-0.518755
1.964000,1.964000,0.486400,-0.533815
1.966000,1.966000,0.401800,-0.479535
1.968000,1.968000,0.337600,-0.375963
1.970000,1.970000,0.296400,-0.252468
1.972000,1.972000,0.272000,-0.122598
1.974000,1.974000,0.262400,0.018521
1.976000,1.976000,0.275600,0.169409
1.978000,1.978000,0.318300,0.302947
1.980000,1.980000,0.380900,0.384160
1.982000,1.982000,0.441900,0.409528
1.984000,1.984000,0.490000,0.415707
1.986000,1.986000,0.539800,0.434318
1.988000,1.988000,0.614500,0.439703
1.990000,1.990000,0.710600,0.360289
1.992000,1.992000,0.786100,0.157248
1.994000,1.994000,0.793800,-0.113523
1.996000,1.996000,0.727500,-0.335434
1.998000,1.998000,0.629100,-0.433512
2.000000,2.000000,0.546100,-0.431841
2.002000,2.002000,0.489100,-0.402418
2.004000,2.004000,0.437900,-0.374001
2.006000,2.006000,0.382900,-0.316730
2.008000,2.008000,0.342100,-0.213032
2.010000,2.010000,0.330500,-0.103904
2.012000,2.012000,0.329400,-0.033339
2.014000,2.014000,0.309300,0.032765
2.016000,2.016000,0.282700,0.179229
2.018000,2.018000,0.309100,0.413124
2.020000,2.020000,0.427200,0.602511
2.022000,2.022000,0.593500,0.592271
2.024000,2.024000,0.712700,0.376593
2.026000,2.026000,0.732500,0.112390
2.028000,2.028000,0.689200,-0.050466
2.030000,2.030000,0.650100,-0.110330
2.032000,2.032000,0.634200,-0.159458
2.034000,2.034000,0.612500,-0.235665
2.036000,2.036000,0.570300,-0.294362
2.038000,2.038000,0.528100,-0.314244
2.040000,2.040000,0.492800,-0.341827
2.042000,2.042000,0.430400,-0.388124
2.044000,2.044000,0.322000,-0.351290
2.046000,2.046000,0.224200,-0.130387
2.048000,2.048000,0.225500,0.202221
2.050000,2.050000,0.338400,0.434089
2.052000,2.052000,0.475300,0.442503
2.054000,2.054000,0.548800,0.319413
2.056000,2.056000,0.562000,0.228612
2.058000,2.058000,0.574200,0.207899
2.060000,2.060000,0.609700,0.179492
2.062000,2.062000,0.643800,0.099789
2.064000,2.064000,0.660100,-0.002354
2.066000,2.066000,0.666300,-0.117947
2.068000,2.068000,0.650500,-0.274264
2.070000,2.070000,0.577000,-0.431755
2.072000,2.072000,0.449600,-0.466270
2.074000,2.074000,0.338800,-0.318025
2.076000,2.076000,0.308500,-0.090521
2.078000,2.078000,0.343800,0.066949
2.080000,2.080000,0.384400,0.125833
2.082000,2.082000,0.404500,0.162491
2.084000,2.084000,0.425600,0.223149
2.086000,2.086000,0.467500,0.281391
2.088000,2.088000,0.526300,0.300562
2.090000,2.090000,0.590900,0.264306
2.092000,2.092000,0.646700,0.162033
2.094000,2.094000,0.670800,0.006626
2.096000,2.096000,0.650700,-0.147711
2.098000,2.098000,0.600200,-0.251649
2.100000,2.100000,0.538700,-0.300522
2.102000,2.102000,0.472300,-0.298113
2.104000,2.104000,0.411900,-0.232691
2.106000,2.106000,0.378500,-0.122494
2.108000,2.108000,0.373500,-0.017520
2.110000,2.110000,0.379300,0.073000
2.112000,2.112000,0.400100,0.171579
2.114000,2.114000,0.451500,0.242660
2.116000,2.116000,0.509500,0.231845
2.118000,2.118000,0.538100,0.188137
2.120000,2.120000,0.563500,0.185279
2.122000,2.122000,0.625600,0.146844
2.124000,2.124000,0.672500,-0.036270
2.126000,2.126000,0.623600,-0.253601
2.128000,2.128000,0.516000,-0.301089
2.130000,2.130000,0.453200,-0.203839
2.132000,2.132000,0.441500,-0.130132
2.134000,2.134000,0.425300,-0.087972
2.136000,2.136000,0.417100,-0.010618
2.138000,2.138000,0.436900,0.032588
2.140000,2.140000,0.428800,0.024799
2.142000,2.142000,0.394800,0.130442
2.144000,2.144000,0.451300,0.331794
2.146000,2.146000,0.601900,0.322078
2.148000,2.148000,0.671900,0.041973
2.150000,2.150000,0.596900,-0.162907
2.152000,2.152000,0.519300,-0.131893
2.154000,2.154000,0.514400,-0.075270
2.156000,2.156000,0.513600,-0.089828
2.158000,2.158000,0.503200,-0.090525
2.160000,2.160000,0.502900,-0.127130
2.162000,2.162000,0.445900,-0.195830
2.164000,2.164000,0.346900,-0.064702
2.166000,2.166000,0.369500,0.235022
2.168000,2.168000,0.519700,0.306593
2.170000,2.170000,0.593900,0.091769
2.172000,2.172000,0.541200,-0.041196
2.174000,2.174000,0.504800,0.009619
2.176000,2.176000,0.524800,0.044077
2.178000,2.178000,0.546300,0.022139
2.180000,2.180000,0.568800,-0.036178
2.182000,2.182000,0.556100,-0.172978
2.184000,2.184000,0.459600,-0.228982
2.186000,2.186000,0.385900,-0.050387
2.188000,2.188000,0.437300,0.131059
2.190000,2.190000,0.512700,0.093725
2.192000,2.192000,0.509000,-0.000680
2.194000,2.194000,0.480200,0.011318
2.196000,2.196000,0.484000,0.066763
2.198000,2.198000,0.514100,0.091357
2.200000,2.200000,0.550100,0.050101
2.202000,2.202000,0.553400,-0.045300
2.204000,2.204000,0.515900,-0.093305
2.206000,2.206000,0.485400,-0.063498
2.208000,2.208000,0.478800,-0.021583
2.210000,2.210000,0.485700,0.007589
2.212000,2.212000,0.498300,0.003382
2.214000,2.214000,0.491400,-0.015710
2.216000,2.216000,0.483100,0.012801
2.218000,2.218000,0.499600,0.020136
2.220000,2.220000,0.491000,-0.007694
2.222000,2.222000,0.480600,0.051808
2.224000,2.224000,0.530700,0.067903
2.226000,2.226000,0.536700,-0.058330
2.228000,2.228000,0.471800,-0.053615
2.230000,2.230000,0.481200,0.066427
2.232000,2.232000,0.528700,0.043628
2.234000,2.234000,0.530600,-0.010477
2.236000,2.236000,0.534800,-0.063754
2.238000,2.238000,0.481900,-0.141971
2.240000,2.240000,0.417000,0.007920
2.242000,2.242000,0.503900,0.141115
2.244000,2.244000,0.552600,-0.057997
2.246000,2.246000,0.445700,-0.101089
2.248000,2.248000,0.434200,0.112714
2.250000,2.250000,0.515200,0.155475
2.252000,2.252000,0.563700,0.092470
2.254000,2.254000,0.593000,-0.056498
2.256000,2.256000,0.505700,-0.194749
2.258000,2.258000,0.434600,-0.001577
2.260000,2.260000,0.540300,0.067621
2.262000,2.262000,0.535300,-0.181682
2.264000,2.264000,0.400800,-0.135122
2.266000,2.266000,0.398400,0.106972
2.268000,2.268000,0.472100,0.201267
2.270000,2.270000,0.557400,0.168080
2.272000,2.272000,0.579400,-0.020165
2.274000,2.274000,0.503200,-0.042431
2.276000,2.276000,0.539000,0.074372
2.278000,2.278000,0.600100,-0.102813
2.280000,2.280000,0.501900,-0.266251
2.282000,2.282000,0.401000,-0.145293
2.284000,2.284000,0.393100,0.040888
2.286000,2.286000,0.446400,0.145830
2.288000,2.288000,0.492700,0.128994
2.290000,2.290000,0.505900,0.134503
2.292000,2.292000,0.557000,0.146921
2.294000,2.294000,0.610200,0.032136
2.296000,2.296000,0.600500,-0.147752
2.298000,2.298000,0.517300,-0.248489
2.300000,2.300000,0.440700,-0.181413
2.302000,2.302000,0.403700,-0.096939
2.304000,2.304000,0.374100,0.069158
2.306000,2.306000,0.449400,0.225560
2.308000,2.308000,0.511300,0.172419
2.310000,2.310000,0.543400,0.201655
2.312000,2.312000,0.639700,0.092994
2.314000,2.314000,0.627500,-0.148251
2.316000,2.316000,0.561300,-0.285483
2.318000,2.318000,0.419500,-0.322167
2.320000,2.320000,0.349000,-0.008011
2.322000,2.322000,0.439100,0.066831
2.324000,2.324000,0.385300,0.089030
2.326000,2.326000,0.457500,0.374236
2.328000,2.328000,0.627100,0.280863
2.330000,2.330000,0.692400,0.015423
2.332000,2.332000,0.627100,-0.324166
2.334000,2.334000,0.450400,-0.264374
2.336000,2.336000,0.479600,-0.136448
2.338000,2.338000,0.383300,-0.259770
2.340000,2.340000,0.276500,0.125532
2.342000,2.342000,0.424300,0.421188
2.344000,2.344000,0.600400,0.371502
2.346000,2.346000,0.682700,0.041265
2.348000,2.348000,0.598000,-0.113473
2.350000,2.350000,0.621100,-0.171721
2.352000,2.352000,0.514400,-0.460943
2.354000,2.354000,0.300700,-0.271037
2.356000,2.356000,0.287500,0.142781
2.358000,2.358000,0.416400,0.364875
2.360000,2.360000,0.540500,0.319647
2.362000,2.362000,0.620600,0.241408
2.364000,2.364000,0.709300,0.005814
2.366000,2.366000,0.654800,-0.355578
2.368000,2.368000,0.462400,-0.465086
2.370000,2.370000,0.321800,-0.222046
2.372000,2.372000,0.296200,0.059456
2.374000,2.374000,0.365500,0.377954
2.376000,2.376000,0.549900,0.408321
2.378000,2.378000,0.652700,0.254939
2.380000,2.380000,0.741300,-0.061658
2.382000,2.382000,0.626300,-0.424007
2.384000,2.384000,0.446900,-0.487168
2.386000,2.386000,0.248800,-0.193913
2.388000,2.388000,0.328800,0.244603
2.390000,2.390000,0.395700,0.306959
2.392000,2.392000,0.556000,0.532580
2.394000,2.394000,0.764300,0.174364
2.396000,2.396000,0.743500,-0.308922
2.398000,2.398000,0.496100,-0.573729
2.400000,2.400000,0.356400,-0.225402
2.402000,2.402000,0.307900,-0.165500
2.404000,2.404000,0.242500,0.366210
2.406000,2.406000,0.528300,0.623058
2.408000,2.408000,0.756500,0.291692
2.410000,2.410000,0.724100,-0.251212
2.412000,2.412000,0.593500,-0.335032
2.414000,2.414000,0.468800,-0.557197
2.416000,2.416000,0.190700,-0.216669
2.418000,2.418000,0.259400,0.410818
2.420000,2.420000,0.516100,0.563224
2.422000,2.422000,0.678300,0.303873
2.424000,2.424000,0.758200,-0.004424
2.426000,2.426000,0.685500,-0.504835
2.428000,2.428000,0.387300,-0.597640
2.430000,2.430000,0.213900,-0.113526
2.432000,2.432000,0.277200,0.331377
2.434000,2.434000,0.481000,0.600434
2.436000,2.436000,0.716100,0.347659
2.438000,2.438000,0.789600,-0.096227
2.440000,2.440000,0.630700,-0.596644
2.442000,2.442000,0.357000,-0.529374
2.444000,2.444000,0.169100,-0.045380
2.446000,2.446000,0.346700,0.491810
2.448000,2.448000,0.511200,0.523358
2.450000,2.450000,0.790400,0.339081
2.452000,2.452000,0.787400,-0.358985
2.454000,2.454000,0.507300,-0.717642
2.456000,2.456000,0.243100,-0.236657
2.458000,2.458000,0.258100,0.056699
2.460000,2.460000,0.330400,0.658211
2.462000,2.462000,0.726300,0.558400
2.464000,2.464000,0.842900,-0.148988
2.466000,2.466000,0.585700,-0.542727
2.468000,2.468000,0.432000,-0.519601
2.470000,2.470000,0.140700,-0.162020
2.472000,2.472000,0.287300,0.627186
2.474000,2.474000,0.647700,0.596626
2.476000,2.476000,0.773300,0.077563
2.478000,2.478000,0.746400,-0.390605
2.480000,2.480000,0.443000,-0.724821
2.482000,2.482000,0.156500,-0.164403
2.484000,2.484000,0.278800,0.469554
2.486000,2.486000,0.544500,0.642691
2.488000,2.488000,0.802700,0.215303
2.490000,2.490000,0.769400,-0.410938
2.492000,2.492000,0.439300,-0.701088
2.494000,2.494000,0.195900,-0.229725
2.496000,2.496000,0.239200,0.519715
2.498000,2.498000,0.570400,0.561432
2.500000,2.500000,0.799200,0.294540
2.502000,2.502000,0.762400,-0.519848
2.504000,2.504000,0.402000,-0.719364
2.506000,2.506000,0.179000,0.005551
2.508000,2.508000,0.291100,0.364494
2.510000,2.510000,0.596300,0.755121
2.512000,2.512000,0.867800,0.022144
2.514000,2.514000,0.639100,-0.671913
2.516000,2.516000,0.366100,-0.433842
2.518000,2.518000,0.151400,-0.076279
2.520000,2.520000,0.364800,0.756398
2.522000,2.522000,0.764600,0.443129
2.524000,2.524000,0.763100,-0.233990
2.526000,2.526000,0.593300,-0.635683
2.528000,2.528000,0.196000,-0.419672
2.530000,2.530000,0.227900,0.465749
2.532000,2.532000,0.553300,0.610673
2.534000,2.534000,0.808400,0.177927
2.536000,2.536000,0.716900,-0.519599
2.538000,2.538000,0.334300,-0.621592
2.540000,2.540000,0.187400,0.077708
2.542000,2.542000,0.406500,0.696043
2.544000,2.544000,0.714800,0.350447
2.546000,2.546000,0.818000,-0.285707
2.548000,2.548000,0.465800,-0.684265
2.550000,2.550000,0.155000,-0.106503
2.552000,2.552000,0.367100,0.443092
2.554000,2.554000,0.621900,0.645960
2.556000,2.556000,0.840100,-0.192646
2.558000,2.558000,0.502200,-0.699171
2.560000,2.560000,0.291300,-0.196953
2.562000,2.562000,0.209100,0.378533
2.564000,2.564000,0.654600,0.646026
2.566000,2.566000,0.794400,-0.169328
2.568000,2.568000,0.575000,-0.495000
2.570000,2.570000,0.251400,-0.424737
2.572000,2.572000,0.258900,0.499321
2.574000,2.574000,0.625800,0.492795
2.576000,2.576000,0.778700,-0.035757
2.578000,2.578000,0.577800,-0.599170
2.580000,2.580000,0.223800,-0.263345
2.582000,2.582000,0.308100,0.411585
2.584000,2.584000,0.659600,0.498111
2.586000,2.586000,0.747200,-0.095420
2.588000,2.588000,0.508900,-0.627796
2.590000,2.590000,0.221500,-0.154543
2.592000,2.592000,0.421500,0.496839
2.594000,2.594000,0.630000,0.447864
2.596000,2.596000,0.753100,-0.353332
2.598000,2.598000,0.377900,-0.532056
2.600000,2.600000,0.320600,0.061560
2.602000,2.602000,0.402300,0.587047
2.604000,2.604000,0.773700,0.130149
2.606000,2.606000,0.578000,-0.443176
2.608000,2.608000,0.385400,-0.369035
2.610000,2.610000,0.261300,0.344241
2.612000,2.612000,0.631100,0.403674
2.614000,2.614000,0.695000,-0.091719
2.616000,2.616000,0.508300,-0.486804
2.618000,2.618000,0.255100,-0.017172
2.620000,2.620000,0.446500,0.403275
2.622000,2.622000,0.702400,0.152096
2.624000,2.624000,0.632700,-0.320698
2.626000,2.626000,0.337300,-0.274632
2.628000,2.628000,0.334200,0.336226
2.630000,2.630000,0.575600,0.229192
2.632000,2.632000,0.715900,-0.156991
2.634000,2.634000,0.425600,-0.406697
2.636000,2.636000,0.376800,0.166588
2.638000,2.638000,0.447800,0.392488
2.640000,2.640000,0.707300,-0.057851
2.642000,2.642000,0.468700,-0.311900
2.644000,2.644000,0.383700,-0.147399
2.646000,2.646000,0.447300,0.422981
2.648000,2.648000,0.639300,0.002387
2.650000,2.650000,0.568700,-0.226945
2.652000,2.652000,0.365800,-0.171416
2.654000,2.654000,0.462000,0.286311
2.656000,2.656000,0.600900,0.159349
2.658000,2.658000,0.560900,-0.183940
2.660000,2.660000,0.386300,-0.152187
2.662000,2.662000,0.419700,0.213449
2.664000,2.664000,0.560900,0.039982
2.666000,2.666000,0.604800,-0.189001
2.668000,2.668000,0.405200,-0.130988
2.670000,2.670000,0.502000,0.106048
2.672000,2.672000,0.555500,0.235308
2.674000,2.674000,0.539500,-0.217808
2.676000,2.676000,0.470400,0.015377
2.678000,2.678000,0.408000,0.110932
2.680000,2.680000,0.590000,0.019306
2.682000,2.682000,0.507700,-0.030539
2.684000,2.684000,0.456600,-0.108599
2.686000,2.686000,0.502600,0.148005
2.688000,2.688000,0.516200,0.045989
2.690000,2.690000,0.508600,-0.042696
2.692000,2.692000,0.454900,0.007564
2.694000,2.694000,0.488300,0.070731
2.696000,2.696000,0.472200,0.010370
2.698000,2.698000,0.502200,-0.087863
2.700000,2.700000,0.481800,0.051023
2.702000,2.702000,0.449900,-0.087193
2.704000,2.704000,0.533900,-0.031032
2.706000,2.706000,0.483100,0.079940
2.708000,2.708000,0.492400,-0.163478
2.710000,2.710000,0.519100,0.005714
2.712000,2.712000,0.459200,0.118020
2.714000,2.714000,0.541500,-0.077266
2.716000,2.716000,0.516300,-0.032615
2.718000,2.718000,0.434500,0.072982
2.720000,2.720000,0.533000,0.107354
2.722000,2.722000,0.543800,-0.041135
2.724000,2.724000,0.458800,-0.054437
2.726000,2.726000,0.477100,0.224612
2.728000,2.728000,0.557700,0.037264
2.730000,2.730000,0.536700,-0.181161
2.732000,2.732000,0.432300,0.175435
2.734000,2.734000,0.517900,0.147495
2.736000,2.736000,0.609800,-0.220937
2.738000,2.738000,0.435000,-0.000845
2.740000,2.740000,0.438200,0.225344
2.742000,2.742000,0.623700,-0.105616
2.744000,2.744000,0.481100,-0.170096
2.746000,2.746000,0.386700,0.221310
2.748000,2.748000,0.605400,0.128208
2.750000,2.750000,0.550900,-0.252530
2.752000,2.752000,0.386300,0.031135
2.754000,2.754000,0.582600,0.261740
2.756000,2.756000,0.597000,-0.222794
2.758000,2.758000,0.354000,-0.212592
2.760000,2.760000,0.509700,0.258848
2.762000,2.762000,0.643100,-0.043113
2.764000,2.764000,0.355900,-0.222334
2.766000,2.766000,0.420000,0.243261
2.768000,2.768000,0.694300,0.006940
2.770000,2.770000,0.443400,-0.267200
2.772000,2.772000,0.348400,0.283620
2.774000,2.774000,0.654700,0.101283
2.776000,2.776000,0.510100,-0.365971
2.778000,2.778000,0.364500,0.221466
2.780000,2.780000,0.657400,0.169361
2.782000,2.782000,0.520200,-0.418508
2.784000,2.784000,0.297200,0.186138
2.786000,2.786000,0.611300,0.231492
2.788000,2.788000,0.575700,-0.450100
2.790000,2.790000,0.358600,0.213911
2.792000,2.792000,0.606100,0.355894
2.794000,2.794000,0.513800,-0.488054
2.796000,2.796000,0.338700,0.070662
2.798000,2.798000,0.660500,0.277147
2.800000,2.800000,0.522500,-0.408701
2.802000,2.802000,0.315800,0.236961
2.804000,2.804000,0.668000,0.250419
2.806000,2.806000,0.511500,-0.476733
2.808000,2.808000,0.316900,0.261242
2.810000,2.810000,0.650500,0.123549
2.812000,2.812000,0.483900,-0.489812
2.814000,2.814000,0.418400,0.382403
2.816000,2.816000,0.685100,0.089129
2.818000,2.818000,0.371800,-0.331012
2.820000,2.820000,0.409600,0.413020
2.822000,2.822000,0.667900,-0.222700
2.824000,2.824000,0.374100,-0.247712
2.826000,2.826000,0.531900,0.442789
2.828000,2.828000,0.603800,-0.346147
2.830000,2.830000,0.332900,0.018199
2.832000,2.832000,0.634400,0.311544
2.834000,2.834000,0.533400,-0.426667
2.836000,2.836000,0.353500,0.363636
2.838000,2.838000,0.640500,0.127735
2.840000,2.840000,0.387900,-0.397802
2.842000,2.842000,0.442700,0.351742
2.844000,2.844000,0.640900,-0.291779
2.846000,2.846000,0.375300,-0.105409
2.848000,2.848000,0.590700,0.331087
2.850000,2.850000,0.522900,-0.374877
2.852000,2.852000,0.390100,0.250800
2.854000,2.854000,0.639600,-0.033917
2.856000,2.856000,0.420200,-0.279655
2.858000,2.858000,0.533200,0.378429
2.860000,2.860000,0.597900,-0.261019
2.862000,2.862000,0.385100,0.171973
2.864000,2.864000,0.603900,0.228787
2.866000,2.866000,0.437500,-0.270578
2.868000,2.868000,0.451300,0.366075
2.870000,2.870000,0.582900,-0.230804
2.872000,2.872000,0.382500,0.015239
2.874000,2.874000,0.598400,0.175522
2.876000,2.876000,0.465300,-0.268362
2.878000,2.878000,0.487300,0.361360
2.880000,2.880000,0.562600,-0.157466
2.882000,2.882000,0.407800,0.152511
2.884000,2.884000,0.562200,0.134668
2.886000,2.886000,0.438000,-0.135503
2.888000,2.888000,0.490500,0.263835
2.890000,2.890000,0.519800,-0.203169
2.892000,2.892000,0.437500,0.148445
2.894000,2.894000,0.567000,-0.064013
2.896000,2.896000,0.448500,-0.045941
2.898000,2.898000,0.555200,0.086187
2.900000,2.900000,0.499100,-0.148675
2.902000,2.902000,0.516800,0.119134
2.904000,2.904000,0.539700,-0.131447
2.906000,2.906000,0.490300,0.058222
2.908000,2.908000,0.541700,-0.060819
2.910000,2.910000,0.488700,-0.008671
2.912000,2.912000,0.514400,0.014652
2.914000,2.914000,0.499400,-0.028796
2.916000,2.916000,0.493000,0.078067
2.918000,2.918000,0.506200,0.005521
2.920000,2.920000,0.498300,0.085447
2.922000,2.922000,0.510700,0.056497
2.924000,2.924000,0.511100,0.031883
2.926000,2.926000,0.512900,0.029022
2.928000,2.928000,0.515300,0.014888
2.930000,2.930000,0.493900,-0.042520
2.932000,2.932000,0.519300,0.042932
2.934000,2.934000,0.483200,-0.018285
2.936000,2.936000,0.516900,0.083423
2.938000,2.938000,0.505100,-0.055585
2.940000,2.940000,0.516600,0.098124
2.942000,2.942000,0.512300,-0.153124
2.944000,2.944000,0.493500,0.062672
2.946000,2.946000,0.512500,-0.184356
2.948000,2.948000,0.480200,0.144358
2.950000,2.950000,0.514800,-0.133619
2.952000,2.952000,0.477000,0.079544
2.954000,2.954000,0.526700,-0.137067
2.956000,2.956000,0.458900,0.101461
2.958000,2.958000,0.524300,-0.056715
2.960000,2.960000,0.464800,0.155558
2.962000,2.962000,0.539500,-0.057570
2.964000,2.964000,0.472300,0.042263
2.966000,2.966000,0.541000,-0.076633
2.968000,2.968000,0.464000,0.091275
2.970000,2.970000,0.536100,-0.089452
2.972000,2.972000,0.464100,0.025554
2.974000,2.974000,0.527700,-0.109332
2.976000,2.976000,0.460400,0.141719
2.978000,2.978000,0.534300,-0.086545
2.980000,2.980000,0.478200,0.130303
2.982000,2.982000,0.530200,-0.173759
2.984000,2.984000,0.475700,0.206739
2.986000,2.986000,0.519400,-0.223472
2.988000,2.988000,0.479500,0.215601
2.990000,2.990000,0.508600,-0.231446
2.992000,2.992000,0.495300,0.331427
2.994000,2.994000,0.505500,-0.305997
2.996000,2.996000,0.498900,0.248940
2.998000,2.998000,0.491100,-0.275180
3.000000,3.000000,0.508600,0.227476
